GID_2,GID_0,COUNTRY,GID_1,NAME_1,NL_NAME_1,NAME_2,VARNAME_2,NL_NAME_2,TYPE_2,ENGTYPE_2,CC_2,HASC_2
POL.1.1_1,POL,Poland,POL.1_1,Dolnośląskie,NA,Bolesławiec,NA,NA,Powiat,County,201,NA
POL.1.2_1,POL,Poland,POL.1_1,Dolnośląskie,NA,Dzierżoniów,NA,NA,Powiat,County,202,NA
POL.1.3_1,POL,Poland,POL.1_1,Dolnośląskie,NA,Głogów,NA,NA,Powiat,County,203,NA
POL.1.4_1,POL,Poland,POL.1_1,Dolnośląskie,NA,Góra,NA,NA,Powiat,County,204,NA
POL.1.5_1,POL,Poland,POL.1_1,Dolnośląskie,NA,Jawor,NA,NA,Powiat,County,205,NA
POL.1.7_1,POL,Poland,POL.1_1,Dolnośląskie,NA,JeleniaGóra,NA,NA,Powiat,County,206,NA
POL.1.6_1,POL,Poland,POL.1_1,Dolnośląskie,NA,JeleniaGóra(City),NA,NA,Miastonaprawachpowiatu,Citywithpowiatrights,206,NA
POL.1.8_1,POL,Poland,POL.1_1,Dolnośląskie,NA,KamiennaGóra,NA,NA,Powiat,County,207,NA
POL.1.9_1,POL,Poland,POL.1_1,Dolnośląskie,NA,Kłodzko,NA,NA,Powiat,County,208,NA
POL.1.11_1,POL,Poland,POL.1_1,Dolnośląskie,NA,Legnica,NA,NA,Powiat,County,209,NA
POL.1.10_1,POL,Poland,POL.1_1,Dolnośląskie,NA,Legnica(City),NA,NA,Miastonaprawachpowiatu,Citywithpowiatrights,209,NA
POL.1.12_1,POL,Poland,POL.1_1,Dolnośląskie,NA,Lubań,NA,NA,Powiat,County,210,NA
POL.1.13_1,POL,Poland,POL.1_1,Dolnośląskie,NA,Lubiń,NA,NA,Powiat,County,211,NA
POL.1.14_1,POL,Poland,POL.1_1,Dolnośląskie,NA,LwówekŚląski,NA,NA,Powiat,County,212,NA
POL.1.15_1,POL,Poland,POL.1_1,Dolnośląskie,NA,Milicz,NA,NA,Powiat,County,213,NA
POL.1.16_1,POL,Poland,POL.1_1,Dolnośląskie,NA,Oława,NA,NA,Powiat,County,215,NA
POL.1.17_1,POL,Poland,POL.1_1,Dolnośląskie,NA,Oleśnica,NA,NA,Powiat,County,214,NA
POL.1.18_1,POL,Poland,POL.1_1,Dolnośląskie,NA,Polkowice,NA,NA,Powiat,County,216,NA
POL.1.19_1,POL,Poland,POL.1_1,Dolnośląskie,NA,ŚrodaŚląska,NA,NA,Powiat,County,218,NA
POL.1.20_1,POL,Poland,POL.1_1,Dolnośląskie,NA,Strzelin,NA,NA,Powiat,County,217,NA
POL.1.21_1,POL,Poland,POL.1_1,Dolnośląskie,NA,Świdnica,NA,NA,Powiat,County,219,NA
POL.1.22_1,POL,Poland,POL.1_1,Dolnośląskie,NA,Trzebnica,NA,NA,Powiat,County,220,NA
POL.1.23_1,POL,Poland,POL.1_1,Dolnośląskie,NA,Wałbrzych,NA,NA,Powiat,County,221,NA
POL.1.24_1,POL,Poland,POL.1_1,Dolnośląskie,NA,Wołów,NA,NA,Powiat,County,222,NA
POL.1.26_1,POL,Poland,POL.1_1,Dolnośląskie,NA,Wrocław,NA,NA,Powiat,County,223,NA
POL.1.25_1,POL,Poland,POL.1_1,Dolnośląskie,NA,Wrocław(City),NA,NA,Miastonaprawachpowiatu,Citywithpowiatrights,223,NA
POL.1.27_1,POL,Poland,POL.1_1,Dolnośląskie,NA,ZąbkowiceŚląskie,NA,NA,Powiat,County,224,NA
POL.1.28_1,POL,Poland,POL.1_1,Dolnośląskie,NA,Zgorzelec,NA,NA,Powiat,County,225,NA
POL.1.29_1,POL,Poland,POL.1_1,Dolnośląskie,NA,Złotoryja,NA,NA,Powiat,County,226,NA
POL.2.1_1,POL,Poland,POL.2_1,Kujawsko-Pomorskie,NA,Aleksandrów,NA,NA,Powiat,County,401,NA
POL.2.2_1,POL,Poland,POL.2_1,Kujawsko-Pomorskie,NA,Brodnica,NA,NA,Powiat,County,402,NA
POL.2.4_1,POL,Poland,POL.2_1,Kujawsko-Pomorskie,NA,Bydgoszcz,NA,NA,Powiat,County,403,NA
POL.2.3_1,POL,Poland,POL.2_1,Kujawsko-Pomorskie,NA,Bydgoszcz(City),NA,NA,Miastonaprawachpowiatu,Citywithpowiatrights,403,NA
POL.2.5_1,POL,Poland,POL.2_1,Kujawsko-Pomorskie,NA,Chełmno,NA,NA,Powiat,County,404,NA
POL.2.6_1,POL,Poland,POL.2_1,Kujawsko-Pomorskie,NA,Golub-Dobrzyń,NA,NA,Powiat,County,405,NA
POL.2.8_1,POL,Poland,POL.2_1,Kujawsko-Pomorskie,NA,Grudziądz,NA,NA,Powiat,County,406,NA
POL.2.7_1,POL,Poland,POL.2_1,Kujawsko-Pomorskie,NA,Grudziądz(City),NA,NA,Miastonaprawachpowiatu,Citywithpowiatrights,462,NA
POL.2.9_1,POL,Poland,POL.2_1,Kujawsko-Pomorskie,NA,Inowrocław,NA,NA,Powiat,County,407,NA
POL.2.10_1,POL,Poland,POL.2_1,Kujawsko-Pomorskie,NA,Lipno,NA,NA,Powiat,County,408,NA
POL.2.11_1,POL,Poland,POL.2_1,Kujawsko-Pomorskie,NA,Mogilno,NA,NA,Powiat,County,409,NA
POL.2.12_1,POL,Poland,POL.2_1,Kujawsko-Pomorskie,NA,Nakło,NA,NA,Powiat,County,410,NA
POL.2.13_1,POL,Poland,POL.2_1,Kujawsko-Pomorskie,NA,Radziejów,NA,NA,Powiat,County,411,NA
POL.2.14_1,POL,Poland,POL.2_1,Kujawsko-Pomorskie,NA,Rypin,NA,NA,Powiat,County,412,NA
POL.2.15_1,POL,Poland,POL.2_1,Kujawsko-Pomorskie,NA,Sępólno,NA,NA,Powiat,County,413,NA
POL.2.16_1,POL,Poland,POL.2_1,Kujawsko-Pomorskie,NA,Świecie,NA,NA,Powiat,County,414,NA
POL.2.18_1,POL,Poland,POL.2_1,Kujawsko-Pomorskie,NA,Toruń,NA,NA,Powiat,County,415,NA
POL.2.17_1,POL,Poland,POL.2_1,Kujawsko-Pomorskie,NA,Toruń(City),NA,NA,Miastonaprawachpowiatu,Citywithpowiatrights,463,NA
POL.2.19_1,POL,Poland,POL.2_1,Kujawsko-Pomorskie,NA,Tuchola,NA,NA,Powiat,County,416,NA
POL.2.20_1,POL,Poland,POL.2_1,Kujawsko-Pomorskie,NA,Wąbrzeźno,NA,NA,Powiat,County,417,NA
POL.2.22_1,POL,Poland,POL.2_1,Kujawsko-Pomorskie,NA,Włocławek,NA,NA,Powiat,County,418,NA
POL.2.21_1,POL,Poland,POL.2_1,Kujawsko-Pomorskie,NA,Włocławek(City),NA,NA,Miastonaprawachpowiatu,Citywithpowiatrights,464,NA
POL.2.23_1,POL,Poland,POL.2_1,Kujawsko-Pomorskie,NA,Żnin,NA,NA,Powiat,County,419,NA
POL.3.1_1,POL,Poland,POL.3_1,Łódzkie,NA,Bełchatów,NA,NA,Powiat,County,1001,NA
POL.3.2_1,POL,Poland,POL.3_1,Łódzkie,NA,Brzeziny,NA,NA,Powiat,County,1021,NA
POL.3.3_1,POL,Poland,POL.3_1,Łódzkie,NA,Kutno,NA,NA,Powiat,County,1002,NA
POL.3.4_1,POL,Poland,POL.3_1,Łódzkie,NA,Łask,NA,NA,Powiat,County,1003,NA
POL.3.5_1,POL,Poland,POL.3_1,Łódzkie,NA,Łęczyca,NA,NA,Powiat,County,1004,NA
POL.3.7_1,POL,Poland,POL.3_1,Łódzkie,NA,Łódź,NA,NA,Miastonaprawachpowiatu,Citywithpowiatrights,1061,NA
POL.3.6_1,POL,Poland,POL.3_1,Łódzkie,NA,ŁódzkiWschodni,NA,NA,Powiat,County,1006,NA
POL.3.8_1,POL,Poland,POL.3_1,Łódzkie,NA,Łowicz,NA,NA,Powiat,County,1005,NA
POL.3.9_1,POL,Poland,POL.3_1,Łódzkie,NA,Opoczno,NA,NA,Powiat,County,1007,NA
POL.3.10_1,POL,Poland,POL.3_1,Łódzkie,NA,Pabianice,NA,NA,Powiat,County,1008,NA
POL.3.11_1,POL,Poland,POL.3_1,Łódzkie,NA,Pajęczno,NA,NA,Powiat,County,1009,NA
POL.3.13_1,POL,Poland,POL.3_1,Łódzkie,NA,Piotrków,NA,NA,Powiat,County,1010,NA
POL.3.12_1,POL,Poland,POL.3_1,Łódzkie,NA,PiotrkówTrybunalski,NA,NA,Miastonaprawachpowiatu,Citywithpowiatrights,1062,NA
POL.3.14_1,POL,Poland,POL.3_1,Łódzkie,NA,Poddębice,NA,NA,Powiat,County,1011,NA
POL.3.15_1,POL,Poland,POL.3_1,Łódzkie,NA,Radomsko,NA,NA,Powiat,County,1012,NA
POL.3.16_1,POL,Poland,POL.3_1,Łódzkie,NA,Rawa,NA,NA,Powiat,County,1013,NA
POL.3.17_1,POL,Poland,POL.3_1,Łódzkie,NA,Sieradz,NA,NA,Powiat,County,1014,NA
POL.3.19_1,POL,Poland,POL.3_1,Łódzkie,NA,Skierniewice,NA,NA,Powiat,County,1015,NA
POL.3.18_1,POL,Poland,POL.3_1,Łódzkie,NA,Skierniewice(City),NA,NA,Miastonaprawachpowiatu,Citywithpowiatrights,1063,NA
POL.3.20_1,POL,Poland,POL.3_1,Łódzkie,NA,TomaszówMazowiecki,NA,NA,Powiat,County,1016,NA
POL.3.21_1,POL,Poland,POL.3_1,Łódzkie,NA,Wieluń,NA,NA,Powiat,County,1017,NA
POL.3.22_1,POL,Poland,POL.3_1,Łódzkie,NA,Wieruszów,NA,NA,Powiat,County,1018,NA
POL.3.23_1,POL,Poland,POL.3_1,Łódzkie,NA,ZduńskaWola,NA,NA,Powiat,County,1019,NA
POL.3.24_1,POL,Poland,POL.3_1,Łódzkie,NA,Zgierz,NA,NA,Powiat,County,1020,NA
POL.4.2_1,POL,Poland,POL.4_1,Lubelskie,NA,BiałaPodlaska,NA,NA,Powiat,County,601,NA
POL.4.1_1,POL,Poland,POL.4_1,Lubelskie,NA,BiałaPodlaska(City),NA,NA,Miastonaprawachpowiatu,Citywithpowiatrights,661,NA
POL.4.3_1,POL,Poland,POL.4_1,Lubelskie,NA,Biłgoraj,NA,NA,Powiat,County,602,NA
POL.4.5_1,POL,Poland,POL.4_1,Lubelskie,NA,Chełm,NA,NA,Powiat,County,603,NA
POL.4.4_1,POL,Poland,POL.4_1,Lubelskie,NA,Chełm(City),NA,NA,Miastonaprawachpowiatu,Citywithpowiatrights,662,NA
POL.4.6_1,POL,Poland,POL.4_1,Lubelskie,NA,Hrubieszów,NA,NA,Powiat,County,604,NA
POL.4.7_1,POL,Poland,POL.4_1,Lubelskie,NA,JanówLubelski,NA,NA,Powiat,County,605,NA
POL.4.8_1,POL,Poland,POL.4_1,Lubelskie,NA,Kraśnik,NA,NA,Powiat,County,607,NA
POL.4.9_1,POL,Poland,POL.4_1,Lubelskie,NA,Krasnystaw,NA,NA,Powiat,County,606,NA
POL.4.10_1,POL,Poland,POL.4_1,Lubelskie,NA,Łęczna,NA,NA,Powiat,County,610,NA
POL.4.11_1,POL,Poland,POL.4_1,Lubelskie,NA,Lubartów,NA,NA,Powiat,County,608,NA
POL.4.13_1,POL,Poland,POL.4_1,Lubelskie,NA,Lublin,NA,NA,Powiat,County,609,NA
POL.4.12_1,POL,Poland,POL.4_1,Lubelskie,NA,Lublin(City),NA,NA,Miastonaprawachpowiatu,Citywithpowiatrights,663,NA
POL.4.14_1,POL,Poland,POL.4_1,Lubelskie,NA,Łuków,NA,NA,Powiat,County,611,NA
POL.4.15_1,POL,Poland,POL.4_1,Lubelskie,NA,OpoleLubelskie,NA,NA,Powiat,County,612,NA
POL.4.16_1,POL,Poland,POL.4_1,Lubelskie,NA,Parczew,NA,NA,Powiat,County,613,NA
POL.4.17_1,POL,Poland,POL.4_1,Lubelskie,NA,Puławy,NA,NA,Powiat,County,614,NA
POL.4.18_1,POL,Poland,POL.4_1,Lubelskie,NA,RadzyńPodlaski,NA,NA,Powiat,County,615,NA
POL.4.19_1,POL,Poland,POL.4_1,Lubelskie,NA,Ryki,NA,NA,Powiat,County,616,NA
POL.4.20_1,POL,Poland,POL.4_1,Lubelskie,NA,Świdnik,NA,NA,Powiat,County,617,NA
POL.4.21_1,POL,Poland,POL.4_1,Lubelskie,NA,TomaszówLubelski,NA,NA,Powiat,County,618,NA
POL.4.22_1,POL,Poland,POL.4_1,Lubelskie,NA,Włodawa,NA,NA,Powiat,County,619,NA
POL.4.24_1,POL,Poland,POL.4_1,Lubelskie,NA,Zamość,NA,NA,Powiat,County,620,NA
POL.4.23_1,POL,Poland,POL.4_1,Lubelskie,NA,Zamość(City),NA,NA,Miastonaprawachpowiatu,Citywithpowiatrights,664,NA
POL.5.2_1,POL,Poland,POL.5_1,Lubuskie,NA,Gorzów,NA,NA,Powiat,County,801,NA
POL.5.1_1,POL,Poland,POL.5_1,Lubuskie,NA,GorzówWielkopolski,NA,NA,Miastonaprawachpowiatu,Citywithpowiatrights,861,NA
POL.5.3_1,POL,Poland,POL.5_1,Lubuskie,NA,KrosnoOdrzańskie,NA,NA,Powiat,County,802,NA
POL.5.4_1,POL,Poland,POL.5_1,Lubuskie,NA,Międzyrzecz,NA,NA,Powiat,County,803,NA
POL.5.5_1,POL,Poland,POL.5_1,Lubuskie,NA,NowaSól,NA,NA,Powiat,County,804,NA
POL.5.6_1,POL,Poland,POL.5_1,Lubuskie,NA,Słubice,NA,NA,Powiat,County,805,NA
POL.5.7_1,POL,Poland,POL.5_1,Lubuskie,NA,Strzelce-Drezdenko,NA,NA,Powiat,County,806,NA
POL.5.8_1,POL,Poland,POL.5_1,Lubuskie,NA,Sulęcin,NA,NA,Powiat,County,807,NA
POL.5.9_1,POL,Poland,POL.5_1,Lubuskie,NA,Świebodzin,NA,NA,Powiat,County,808,NA
POL.5.10_1,POL,Poland,POL.5_1,Lubuskie,NA,Wschowa,NA,NA,Powiat,County,812,NA
POL.5.11_1,POL,Poland,POL.5_1,Lubuskie,NA,Żagań,NA,NA,Powiat,County,810,NA
POL.5.12_1,POL,Poland,POL.5_1,Lubuskie,NA,Żary,NA,NA,Powiat,County,811,NA
POL.5.14_1,POL,Poland,POL.5_1,Lubuskie,NA,ZielonaGóra,NA,NA,Powiat,County,809,NA
POL.5.13_1,POL,Poland,POL.5_1,Lubuskie,NA,ZielonaGóra(City),NA,NA,Miastonaprawachpowiatu,Citywithpowiatrights,862,NA
POL.6.1_1,POL,Poland,POL.6_1,Małopolskie,NA,Bochnia,NA,NA,Powiat,County,1201,NA
POL.6.2_1,POL,Poland,POL.6_1,Małopolskie,NA,Brzesko,NA,NA,Powiat,County,1202,NA
POL.6.3_1,POL,Poland,POL.6_1,Małopolskie,NA,Chrzanów,NA,NA,Powiat,County,1203,NA
POL.6.4_1,POL,Poland,POL.6_1,Małopolskie,NA,Dąbrowa,NA,NA,Powiat,County,1204,NA
POL.6.5_1,POL,Poland,POL.6_1,Małopolskie,NA,Gorlice,NA,NA,Powiat,County,1205,NA
POL.6.7_1,POL,Poland,POL.6_1,Małopolskie,NA,Kraków,NA,NA,Powiat,County,1206,NA
POL.6.6_1,POL,Poland,POL.6_1,Małopolskie,NA,Kraków(City),NA,NA,Miastonaprawachpowiatu,Citywithpowiatrights,1261,NA
POL.6.8_1,POL,Poland,POL.6_1,Małopolskie,NA,Limanowa,NA,NA,Powiat,County,1207,NA
POL.6.9_1,POL,Poland,POL.6_1,Małopolskie,NA,Miechów,NA,NA,Powiat,County,1208,NA
POL.6.10_1,POL,Poland,POL.6_1,Małopolskie,NA,Myślenice,NA,NA,Powiat,County,1209,NA
POL.6.12_1,POL,Poland,POL.6_1,Małopolskie,NA,NowySącz,NA,NA,Powiat,County,1210,NA
POL.6.11_1,POL,Poland,POL.6_1,Małopolskie,NA,NowySącz(City),NA,NA,Miastonaprawachpowiatu,Citywithpowiatrights,1262,NA
POL.6.13_1,POL,Poland,POL.6_1,Małopolskie,NA,NowyTarg,NA,NA,Powiat,County,1211,NA
POL.6.14_1,POL,Poland,POL.6_1,Małopolskie,NA,Olkusz,NA,NA,Powiat,County,1212,NA
POL.6.15_1,POL,Poland,POL.6_1,Małopolskie,NA,Oświęcim,NA,NA,Powiat,County,1213,NA
POL.6.16_1,POL,Poland,POL.6_1,Małopolskie,NA,Proszowice,NA,NA,Powiat,County,1214,NA
POL.6.17_1,POL,Poland,POL.6_1,Małopolskie,NA,Sucha,NA,NA,Powiat,County,1215,NA
POL.6.19_1,POL,Poland,POL.6_1,Małopolskie,NA,Tarnów,NA,NA,Powiat,County,1216,NA
POL.6.18_1,POL,Poland,POL.6_1,Małopolskie,NA,Tarnów(City),NA,NA,Miastonaprawachpowiatu,Citywithpowiatrights,1263,NA
POL.6.20_1,POL,Poland,POL.6_1,Małopolskie,NA,Tatra,NA,NA,Powiat,County,1217,NA
POL.6.21_1,POL,Poland,POL.6_1,Małopolskie,NA,Wadowice,NA,NA,Powiat,County,1218,NA
POL.6.22_1,POL,Poland,POL.6_1,Małopolskie,NA,Wieliczka,NA,NA,Powiat,County,1219,NA
POL.7.1_1,POL,Poland,POL.7_1,Mazowieckie,NA,Białobrzegi,NA,NA,Powiat,County,1401,NA
POL.7.2_1,POL,Poland,POL.7_1,Mazowieckie,NA,Ciechanów,NA,NA,Powiat,County,1402,NA
POL.7.3_1,POL,Poland,POL.7_1,Mazowieckie,NA,Garwolin,NA,NA,Powiat,County,1403,NA
POL.7.4_1,POL,Poland,POL.7_1,Mazowieckie,NA,Gostynin,NA,NA,Powiat,County,1404,NA
POL.7.5_1,POL,Poland,POL.7_1,Mazowieckie,NA,GrodziskMazowiecki,NA,NA,Powiat,County,1405,NA
POL.7.6_1,POL,Poland,POL.7_1,Mazowieckie,NA,Grójec,NA,NA,Powiat,County,1406,NA
POL.7.7_1,POL,Poland,POL.7_1,Mazowieckie,NA,Kozienice,NA,NA,Powiat,County,1407,NA
POL.7.8_1,POL,Poland,POL.7_1,Mazowieckie,NA,Legionowo,NA,NA,Powiat,County,1408,NA
POL.7.9_1,POL,Poland,POL.7_1,Mazowieckie,NA,Lipsko,NA,NA,Powiat,County,1409,NA
POL.7.10_1,POL,Poland,POL.7_1,Mazowieckie,NA,Łosice,NA,NA,Powiat,County,1410,NA
POL.7.11_1,POL,Poland,POL.7_1,Mazowieckie,NA,Maków,NA,NA,Powiat,County,1411,NA
POL.7.12_1,POL,Poland,POL.7_1,Mazowieckie,NA,Mińsk,NA,NA,Powiat,County,1412,NA
POL.7.13_1,POL,Poland,POL.7_1,Mazowieckie,NA,Mława,NA,NA,Powiat,County,1413,NA
POL.7.14_1,POL,Poland,POL.7_1,Mazowieckie,NA,NowyDwórMazowiecki,NA,NA,Powiat,County,1414,NA
POL.7.16_1,POL,Poland,POL.7_1,Mazowieckie,NA,Ostrołęka,NA,NA,Powiat,County,1415,NA
POL.7.15_1,POL,Poland,POL.7_1,Mazowieckie,NA,Ostrołęka(City),NA,NA,Miastonaprawachpowiatu,Citywithpowiatrights,1461,NA
POL.7.17_1,POL,Poland,POL.7_1,Mazowieckie,NA,OstrówMazowiecka,NA,NA,Powiat,County,1416,NA
POL.7.18_1,POL,Poland,POL.7_1,Mazowieckie,NA,Otwock,NA,NA,Powiat,County,1417,NA
POL.7.19_1,POL,Poland,POL.7_1,Mazowieckie,NA,Piaseczno,NA,NA,Powiat,County,1418,NA
POL.7.21_1,POL,Poland,POL.7_1,Mazowieckie,NA,Płock,NA,NA,Powiat,County,1419,NA
POL.7.20_1,POL,Poland,POL.7_1,Mazowieckie,NA,Płock(City),NA,NA,Miastonaprawachpowiatu,Citywithpowiatrights,1462,NA
POL.7.22_1,POL,Poland,POL.7_1,Mazowieckie,NA,Płońsk,NA,NA,Powiat,County,1420,NA
POL.7.23_1,POL,Poland,POL.7_1,Mazowieckie,NA,Pruszków,NA,NA,Powiat,County,1421,NA
POL.7.24_1,POL,Poland,POL.7_1,Mazowieckie,NA,Przasnysz,NA,NA,Powiat,County,1422,NA
POL.7.25_1,POL,Poland,POL.7_1,Mazowieckie,NA,Przysucha,NA,NA,Powiat,County,1423,NA
POL.7.26_1,POL,Poland,POL.7_1,Mazowieckie,NA,Pułtusk,NA,NA,Powiat,County,1424,NA
POL.7.28_1,POL,Poland,POL.7_1,Mazowieckie,NA,Radom,NA,NA,Powiat,County,1425,NA
POL.7.27_1,POL,Poland,POL.7_1,Mazowieckie,NA,Radom(City),NA,NA,Miastonaprawachpowiatu,Citywithpowiatrights,1463,NA
POL.7.30_1,POL,Poland,POL.7_1,Mazowieckie,NA,Siedlce,NA,NA,Powiat,County,1426,NA
POL.7.29_1,POL,Poland,POL.7_1,Mazowieckie,NA,Siedlce(City),NA,NA,Miastonaprawachpowiatu,Citywithpowiatrights,1464,NA
POL.7.31_1,POL,Poland,POL.7_1,Mazowieckie,NA,Sierpc,NA,NA,Powiat,County,1427,NA
POL.7.32_1,POL,Poland,POL.7_1,Mazowieckie,NA,Sochaczew,NA,NA,Powiat,County,1428,NA
POL.7.33_1,POL,Poland,POL.7_1,Mazowieckie,NA,Sokołów,NA,NA,Powiat,County,1429,NA
POL.7.34_1,POL,Poland,POL.7_1,Mazowieckie,NA,Szydłowiec,NA,NA,Powiat,County,1430,NA
POL.7.35_1,POL,Poland,POL.7_1,Mazowieckie,NA,WarszawZachodni,NA,NA,Powiat,County,1432,NA
POL.7.36_1,POL,Poland,POL.7_1,Mazowieckie,NA,Warszawa,NA,NA,Miastonaprawachpowiatu,Citywithpowiatrights,1465,NA
POL.7.37_1,POL,Poland,POL.7_1,Mazowieckie,NA,Węgrów,NA,NA,Powiat,County,1433,NA
POL.7.38_1,POL,Poland,POL.7_1,Mazowieckie,NA,Wołomin,NA,NA,Powiat,County,1434,NA
POL.7.39_1,POL,Poland,POL.7_1,Mazowieckie,NA,Wyszków,NA,NA,Powiat,County,1435,NA
POL.7.40_1,POL,Poland,POL.7_1,Mazowieckie,NA,Żuromin,NA,NA,Powiat,County,1437,NA
POL.7.41_1,POL,Poland,POL.7_1,Mazowieckie,NA,Zwoleń,NA,NA,Powiat,County,1436,NA
POL.7.42_1,POL,Poland,POL.7_1,Mazowieckie,NA,Żyrardów,NA,NA,Powiat,County,1438,NA
POL.8.1_1,POL,Poland,POL.8_1,Opolskie,NA,Brzeg,NA,NA,Powiat,County,1601,NA
POL.8.2_1,POL,Poland,POL.8_1,Opolskie,NA,Głubczyce,NA,NA,Powiat,County,1602,NA
POL.8.3_1,POL,Poland,POL.8_1,Opolskie,NA,Kędzierzyn-Koźle,NA,NA,Powiat,County,1603,NA
POL.8.4_1,POL,Poland,POL.8_1,Opolskie,NA,Kluczbork,NA,NA,Powiat,County,1604,NA
POL.8.5_1,POL,Poland,POL.8_1,Opolskie,NA,Krapkowice,NA,NA,Powiat,County,1605,NA
POL.8.6_1,POL,Poland,POL.8_1,Opolskie,NA,Namysłów,NA,NA,Powiat,County,1606,NA
POL.8.7_1,POL,Poland,POL.8_1,Opolskie,NA,Nysa,NA,NA,Powiat,County,1607,NA
POL.8.8_1,POL,Poland,POL.8_1,Opolskie,NA,Olesno,NA,NA,Powiat,County,1608,NA
POL.8.10_1,POL,Poland,POL.8_1,Opolskie,NA,Opole,NA,NA,Powiat,County,1609,NA
POL.8.9_1,POL,Poland,POL.8_1,Opolskie,NA,Opole(City),NA,NA,Miastonaprawachpowiatu,Citywithpowiatrights,1661,NA
POL.8.11_1,POL,Poland,POL.8_1,Opolskie,NA,Prudnik,NA,NA,Powiat,County,1610,NA
POL.8.12_1,POL,Poland,POL.8_1,Opolskie,NA,Strzelce,NA,NA,Powiat,County,1611,NA
POL.9.1_1,POL,Poland,POL.9_1,Podkarpackie,NA,Bieszczady,NA,NA,Powiat,County,1801,NA
POL.9.2_1,POL,Poland,POL.9_1,Podkarpackie,NA,Brzozów,NA,NA,Powiat,County,1802,NA
POL.9.3_1,POL,Poland,POL.9_1,Podkarpackie,NA,Dębica,NA,NA,Powiat,County,1803,NA
POL.9.4_1,POL,Poland,POL.9_1,Podkarpackie,NA,Jarosław,NA,NA,Powiat,County,1804,NA
POL.9.5_1,POL,Poland,POL.9_1,Podkarpackie,NA,Jasło,NA,NA,Powiat,County,1805,NA
POL.9.6_1,POL,Poland,POL.9_1,Podkarpackie,NA,Kolbuszowa,NA,NA,Powiat,County,1806,NA
POL.9.8_1,POL,Poland,POL.9_1,Podkarpackie,NA,Krosno,NA,NA,Powiat,County,1807,NA
POL.9.7_1,POL,Poland,POL.9_1,Podkarpackie,NA,Krosno(City),NA,NA,Miastonaprawachpowiatu,Citywithpowiatrights,1861,NA
POL.9.9_1,POL,Poland,POL.9_1,Podkarpackie,NA,Łańcut,NA,NA,Powiat,County,1810,NA
POL.9.10_1,POL,Poland,POL.9_1,Podkarpackie,NA,Lesko,NA,NA,Powiat,County,1821,NA
POL.9.11_1,POL,Poland,POL.9_1,Podkarpackie,NA,Leżajsk,NA,NA,Powiat,County,1808,NA
POL.9.12_1,POL,Poland,POL.9_1,Podkarpackie,NA,Lubaczów,NA,NA,Powiat,County,1809,NA
POL.9.13_1,POL,Poland,POL.9_1,Podkarpackie,NA,Mielec,NA,NA,Powiat,County,1811,NA
POL.9.14_1,POL,Poland,POL.9_1,Podkarpackie,NA,Nisko,NA,NA,Powiat,County,1812,NA
POL.9.16_1,POL,Poland,POL.9_1,Podkarpackie,NA,Przemyśl,NA,NA,Powiat,County,1813,NA
POL.9.15_1,POL,Poland,POL.9_1,Podkarpackie,NA,Przemyśl(City),NA,NA,Miastonaprawachpowiatu,Citywithpowiatrights,1862,NA
POL.9.17_1,POL,Poland,POL.9_1,Podkarpackie,NA,Przeworsk,NA,NA,Powiat,County,1814,NA
POL.9.18_1,POL,Poland,POL.9_1,Podkarpackie,NA,Ropczyce-Sędziszów,NA,NA,Powiat,County,1815,NA
POL.9.20_1,POL,Poland,POL.9_1,Podkarpackie,NA,Rzeszów,NA,NA,Powiat,County,1816,NA
POL.9.19_1,POL,Poland,POL.9_1,Podkarpackie,NA,Rzeszów(City),NA,NA,Miastonaprawachpowiatu,Citywithpowiatrights,1863,NA
POL.9.21_1,POL,Poland,POL.9_1,Podkarpackie,NA,Sanok,NA,NA,Powiat,County,1817,NA
POL.9.22_1,POL,Poland,POL.9_1,Podkarpackie,NA,StalowaWola,NA,NA,Powiat,County,1818,NA
POL.9.23_1,POL,Poland,POL.9_1,Podkarpackie,NA,Strzyżów,NA,NA,Powiat,County,1819,NA
POL.9.25_1,POL,Poland,POL.9_1,Podkarpackie,NA,Tarnobrzeg,NA,NA,Powiat,County,1820,NA
POL.9.24_1,POL,Poland,POL.9_1,Podkarpackie,NA,Tarnobrzeg(City),NA,NA,Miastonaprawachpowiatu,Citywithpowiatrights,1864,NA
POL.10.1_1,POL,Poland,POL.10_1,Podlaskie,NA,Augustów,NA,NA,Powiat,County,2001,NA
POL.10.3_1,POL,Poland,POL.10_1,Podlaskie,NA,Białystok,NA,NA,Powiat,County,2002,NA
POL.10.2_1,POL,Poland,POL.10_1,Podlaskie,NA,Białystok(City),NA,NA,Miastonaprawachpowiatu,Citywithpowiatrights,2061,NA
POL.10.4_1,POL,Poland,POL.10_1,Podlaskie,NA,Bielsk,NA,NA,Powiat,County,2003,NA
POL.10.5_1,POL,Poland,POL.10_1,Podlaskie,NA,Grajewo,NA,NA,Powiat,County,2004,NA
POL.10.6_1,POL,Poland,POL.10_1,Podlaskie,NA,Hajnówka,NA,NA,Powiat,County,2005,NA
POL.10.7_1,POL,Poland,POL.10_1,Podlaskie,NA,Kolno,NA,NA,Powiat,County,2006,NA
POL.10.9_1,POL,Poland,POL.10_1,Podlaskie,NA,Łomża,NA,NA,Powiat,County,2007,NA
POL.10.8_1,POL,Poland,POL.10_1,Podlaskie,NA,Łomża(City),NA,NA,Miastonaprawachpowiatu,Citywithpowiatrights,2062,NA
POL.10.10_1,POL,Poland,POL.10_1,Podlaskie,NA,Mońki,NA,NA,Powiat,County,2008,NA
POL.10.11_1,POL,Poland,POL.10_1,Podlaskie,NA,Sejny,NA,NA,Powiat,County,2009,NA
POL.10.12_1,POL,Poland,POL.10_1,Podlaskie,NA,Siemiatycze,NA,NA,Powiat,County,2010,NA
POL.10.13_1,POL,Poland,POL.10_1,Podlaskie,NA,Sokółka,NA,NA,Powiat,County,2011,NA
POL.10.15_1,POL,Poland,POL.10_1,Podlaskie,NA,Suwałki,NA,NA,Powiat,County,2012,NA
POL.10.14_1,POL,Poland,POL.10_1,Podlaskie,NA,Suwałki(City),NA,NA,Miastonaprawachpowiatu,Citywithpowiatrights,2063,NA
POL.10.16_1,POL,Poland,POL.10_1,Podlaskie,NA,WysokieMazowieckie,NA,NA,Powiat,County,2013,NA
POL.10.17_1,POL,Poland,POL.10_1,Podlaskie,NA,Zambrów,NA,NA,Powiat,County,2014,NA
POL.11.1_1,POL,Poland,POL.11_1,Pomorskie,NA,Bytów,NA,NA,Powiat,County,2201,NA
POL.11.2_1,POL,Poland,POL.11_1,Pomorskie,NA,Chojnice,NA,NA,Powiat,County,2202,NA
POL.11.3_1,POL,Poland,POL.11_1,Pomorskie,NA,Człuchów,NA,NA,Powiat,County,2203,NA
POL.11.5_1,POL,Poland,POL.11_1,Pomorskie,NA,Gdańsk,NA,NA,Powiat,County,2204,NA
POL.11.4_1,POL,Poland,POL.11_1,Pomorskie,NA,Gdańsk(City),NA,NA,Miastonaprawachpowiatu,Citywithpowiatrights,2261,NA
POL.11.6_1,POL,Poland,POL.11_1,Pomorskie,NA,Gdynia,NA,NA,Miastonaprawachpowiatu,Citywithpowiatrights,2262,NA
POL.11.7_1,POL,Poland,POL.11_1,Pomorskie,NA,Kartuzy,NA,NA,Powiat,County,2205,NA
POL.11.8_1,POL,Poland,POL.11_1,Pomorskie,NA,Kościerzyna,NA,NA,Powiat,County,2206,NA
POL.11.9_1,POL,Poland,POL.11_1,Pomorskie,NA,Kwidzyn,NA,NA,Powiat,County,2207,NA
POL.11.10_1,POL,Poland,POL.11_1,Pomorskie,NA,Lębork,NA,NA,Powiat,County,2208,NA
POL.11.11_1,POL,Poland,POL.11_1,Pomorskie,NA,Malbork,NA,NA,Powiat,County,2209,NA
POL.11.12_1,POL,Poland,POL.11_1,Pomorskie,NA,NowyDwórGdański,NA,NA,Powiat,County,2210,NA
POL.11.13_1,POL,Poland,POL.11_1,Pomorskie,NA,Puck,NA,NA,Powiat,County,2211,NA
POL.11.15_1,POL,Poland,POL.11_1,Pomorskie,NA,Słupsk,NA,NA,Powiat,County,2212,NA
POL.11.14_1,POL,Poland,POL.11_1,Pomorskie,NA,Słupsk(City),NA,NA,Miastonaprawachpowiatu,County,2263,NA
POL.11.16_1,POL,Poland,POL.11_1,Pomorskie,NA,Sopot,NA,NA,Miastonaprawachpowiatu,Citywithpowiatrights,2264,NA
POL.11.17_1,POL,Poland,POL.11_1,Pomorskie,NA,Starogard,NA,NA,Powiat,County,2213,NA
POL.11.18_1,POL,Poland,POL.11_1,Pomorskie,NA,Sztum,NA,NA,Powiat,County,2216,NA
POL.11.19_1,POL,Poland,POL.11_1,Pomorskie,NA,Tczew,NA,NA,Powiat,County,2214,NA
POL.11.20_1,POL,Poland,POL.11_1,Pomorskie,NA,Wejherowo,NA,NA,Powiat,County,2215,NA
POL.12.1_1,POL,Poland,POL.12_1,Śląskie,NA,Będzin,NA,NA,Powiat,County,2401,NA
POL.12.3_1,POL,Poland,POL.12_1,Śląskie,NA,Bielsko,NA,NA,Powiat,County,2402,NA
POL.12.2_1,POL,Poland,POL.12_1,Śląskie,NA,Bielsko-Biała,NA,NA,Miastonaprawachpowiatu,Citywithpowiatrights,2461,NA
POL.12.4_1,POL,Poland,POL.12_1,Śląskie,NA,Bieruń-Lędziny,NA,NA,Powiat,County,2414,NA
POL.12.5_1,POL,Poland,POL.12_1,Śląskie,NA,Bytom,NA,NA,Miastonaprawachpowiatu,Citywithpowiatrights,2462,NA
POL.12.6_1,POL,Poland,POL.12_1,Śląskie,NA,Chorzów,NA,NA,Miastonaprawachpowiatu,Citywithpowiatrights,2463,NA
POL.12.7_1,POL,Poland,POL.12_1,Śląskie,NA,Cieszyn,NA,NA,Powiat,County,2403,NA
POL.12.9_1,POL,Poland,POL.12_1,Śląskie,NA,Częstochowa,NA,NA,Powiat,County,2404,NA
POL.12.8_1,POL,Poland,POL.12_1,Śląskie,NA,Częstochowa(CIty),NA,NA,Miastonaprawachpowiatu,Citywithpowiatrights,2464,NA
POL.12.10_1,POL,Poland,POL.12_1,Śląskie,NA,DąbrowaGórnicza,NA,NA,Miastonaprawachpowiatu,Citywithpowiatrights,2465,NA
POL.12.12_1,POL,Poland,POL.12_1,Śląskie,NA,Gliwice,NA,NA,Powiat,County,2405,NA
POL.12.11_1,POL,Poland,POL.12_1,Śląskie,NA,Gliwice(City),NA,NA,Miastonaprawachpowiatu,Citywithpowiatrights,2466,NA
POL.12.13_1,POL,Poland,POL.12_1,Śląskie,NA,Jastrzębie-Zdrój,NA,NA,Miastonaprawachpowiatu,Citywithpowiatrights,2467,NA
POL.12.14_1,POL,Poland,POL.12_1,Śląskie,NA,Jaworzno,NA,NA,Miastonaprawachpowiatu,Citywithpowiatrights,2468,NA
POL.12.15_1,POL,Poland,POL.12_1,Śląskie,NA,Katowice,NA,NA,Miastonaprawachpowiatu,Citywithpowiatrights,2469,NA
POL.12.16_1,POL,Poland,POL.12_1,Śląskie,NA,Kłobuck,NA,NA,Powiat,County,2406,NA
POL.12.17_1,POL,Poland,POL.12_1,Śląskie,NA,Lubliniec,NA,NA,Powiat,County,2407,NA
POL.12.18_1,POL,Poland,POL.12_1,Śląskie,NA,Mikołów,NA,NA,Powiat,County,2408,NA
POL.12.19_1,POL,Poland,POL.12_1,Śląskie,NA,Mysłowice,NA,NA,Miastonaprawachpowiatu,Citywithpowiatrights,2470,NA
POL.12.20_1,POL,Poland,POL.12_1,Śląskie,NA,Myszków,NA,NA,Powiat,County,2409,NA
POL.12.21_1,POL,Poland,POL.12_1,Śląskie,NA,PiekaryŚląskie,NA,NA,Miastonaprawachpowiatu,Citywithpowiatrights,2471,NA
POL.12.22_1,POL,Poland,POL.12_1,Śląskie,NA,Pszczyna,NA,NA,Powiat,County,2410,NA
POL.12.23_1,POL,Poland,POL.12_1,Śląskie,NA,Racibórz,NA,NA,Powiat,County,2411,NA
POL.12.24_1,POL,Poland,POL.12_1,Śląskie,NA,RudaŚląska,NA,NA,Miastonaprawachpowiatu,Citywithpowiatrights,2472,NA
POL.12.26_1,POL,Poland,POL.12_1,Śląskie,NA,Rybnik,NA,NA,Powiat,County,2412,NA
POL.12.25_1,POL,Poland,POL.12_1,Śląskie,NA,Rybnik(City),NA,NA,Miastonaprawachpowiatu,Citywithpowiatrights,2473,NA
POL.12.27_1,POL,Poland,POL.12_1,Śląskie,NA,SiemianowiceŚląskie,NA,NA,Miastonaprawachpowiatu,Citywithpowiatrights,2474,NA
POL.12.28_1,POL,Poland,POL.12_1,Śląskie,NA,Sosnowiec,NA,NA,Miastonaprawachpowiatu,Citywithpowiatrights,2475,NA
POL.12.29_1,POL,Poland,POL.12_1,Śląskie,NA,Świętochłowice,NA,NA,Miastonaprawachpowiatu,Citywithpowiatrights,2476,NA
POL.12.30_1,POL,Poland,POL.12_1,Śląskie,NA,TarnowskieGóry,NA,NA,Powiat,County,2413,NA
POL.12.31_1,POL,Poland,POL.12_1,Śląskie,NA,Tychy,NA,NA,Miastonaprawachpowiatu,Citywithpowiatrights,2477,NA
POL.12.32_1,POL,Poland,POL.12_1,Śląskie,NA,Wodzisław,NA,NA,Powiat,County,2415,NA
POL.12.33_1,POL,Poland,POL.12_1,Śląskie,NA,Zabrze,NA,NA,Miastonaprawachpowiatu,Citywithpowiatrights,2478,NA
POL.12.34_1,POL,Poland,POL.12_1,Śląskie,NA,Zawiercie,NA,NA,Powiat,County,2416,NA
POL.12.35_1,POL,Poland,POL.12_1,Śląskie,NA,Żory,NA,NA,Miastonaprawachpowiatu,Citywithpowiatrights,2479,NA
POL.12.36_1,POL,Poland,POL.12_1,Śląskie,NA,Żywiec,NA,NA,Powiat,County,2417,NA
POL.13.1_1,POL,Poland,POL.13_1,Świętokrzyskie,NA,Busko,NA,NA,Powiat,County,2601,NA
POL.13.2_1,POL,Poland,POL.13_1,Świętokrzyskie,NA,Jędrzejów,NA,NA,Powiat,County,2602,NA
POL.13.3_1,POL,Poland,POL.13_1,Świętokrzyskie,NA,Kazimierza,NA,NA,Powiat,County,2603,NA
POL.13.5_1,POL,Poland,POL.13_1,Świętokrzyskie,NA,Kielce,NA,NA,Powiat,County,2604,NA
POL.13.4_1,POL,Poland,POL.13_1,Świętokrzyskie,NA,Kielce(City),NA,NA,Miastonaprawachpowiatu,Citywithpowiatrights,2661,NA
POL.13.6_1,POL,Poland,POL.13_1,Świętokrzyskie,NA,Końskie,NA,NA,Powiat,County,2605,NA
POL.13.7_1,POL,Poland,POL.13_1,Świętokrzyskie,NA,Opatów,NA,NA,Powiat,County,2606,NA
POL.13.8_1,POL,Poland,POL.13_1,Świętokrzyskie,NA,Ostrowiec,NA,NA,Powiat,County,2607,NA
POL.13.9_1,POL,Poland,POL.13_1,Świętokrzyskie,NA,Pińczów,NA,NA,Powiat,County,2608,NA
POL.13.10_1,POL,Poland,POL.13_1,Świętokrzyskie,NA,Sandomierz,NA,NA,Powiat,County,2609,NA
POL.13.11_1,POL,Poland,POL.13_1,Świętokrzyskie,NA,Skarżysko,NA,NA,Powiat,County,2610,NA
POL.13.12_1,POL,Poland,POL.13_1,Świętokrzyskie,NA,Starachowice,NA,NA,Powiat,County,2611,NA
POL.13.13_1,POL,Poland,POL.13_1,Świętokrzyskie,NA,Staszów,NA,NA,Powiat,County,2612,NA
POL.13.14_1,POL,Poland,POL.13_1,Świętokrzyskie,NA,Włoszczowa,NA,NA,Powiat,County,2613,NA
POL.14.1_1,POL,Poland,POL.14_1,Warmińsko-Mazurskie,NA,Bartoszyce,NA,NA,Powiat,County,2801,NA
POL.14.2_1,POL,Poland,POL.14_1,Warmińsko-Mazurskie,NA,Braniewo,NA,NA,Powiat,County,2802,NA
POL.14.3_1,POL,Poland,POL.14_1,Warmińsko-Mazurskie,NA,Działdowo,NA,NA,Powiat,County,2803,NA
POL.14.5_1,POL,Poland,POL.14_1,Warmińsko-Mazurskie,NA,Elbląg,NA,NA,Powiat,County,2804,NA
POL.14.4_1,POL,Poland,POL.14_1,Warmińsko-Mazurskie,NA,Elbląg(City),NA,NA,Miastonaprawachpowiatu,Citywithpowiatrights,2861,NA
POL.14.6_1,POL,Poland,POL.14_1,Warmińsko-Mazurskie,NA,Ełk,NA,NA,Powiat,County,2805,NA
POL.14.7_1,POL,Poland,POL.14_1,Warmińsko-Mazurskie,NA,Giżycko,NA,NA,Powiat,County,2806,NA
POL.14.8_1,POL,Poland,POL.14_1,Warmińsko-Mazurskie,NA,Gołdap,NA,NA,Powiat,County,2818,NA
POL.14.9_1,POL,Poland,POL.14_1,Warmińsko-Mazurskie,NA,Iława,NA,NA,Powiat,County,2807,NA
POL.14.10_1,POL,Poland,POL.14_1,Warmińsko-Mazurskie,NA,Kętrzyn,NA,NA,Powiat,County,2808,NA
POL.14.11_1,POL,Poland,POL.14_1,Warmińsko-Mazurskie,NA,Lidzbark,NA,NA,Powiat,County,2809,NA
POL.14.12_1,POL,Poland,POL.14_1,Warmińsko-Mazurskie,NA,Mrągowo,NA,NA,Powiat,County,2810,NA
POL.14.13_1,POL,Poland,POL.14_1,Warmińsko-Mazurskie,NA,Nidzica,NA,NA,Powiat,County,2811,NA
POL.14.14_1,POL,Poland,POL.14_1,Warmińsko-Mazurskie,NA,NoweMiasto,NA,NA,Powiat,County,2812,NA
POL.14.15_1,POL,Poland,POL.14_1,Warmińsko-Mazurskie,NA,Olecko,NA,NA,Powiat,County,2813,NA
POL.14.17_1,POL,Poland,POL.14_1,Warmińsko-Mazurskie,NA,Olsztyn,NA,NA,Powiat,County,2814,NA
POL.14.16_1,POL,Poland,POL.14_1,Warmińsko-Mazurskie,NA,Olsztyn(City),NA,NA,Miastonaprawachpowiatu,Citywithpowiatrights,2862,NA
POL.14.18_1,POL,Poland,POL.14_1,Warmińsko-Mazurskie,NA,Ostróda,NA,NA,Powiat,County,2815,NA
POL.14.19_1,POL,Poland,POL.14_1,Warmińsko-Mazurskie,NA,Pisz,NA,NA,Powiat,County,2816,NA
POL.14.20_1,POL,Poland,POL.14_1,Warmińsko-Mazurskie,NA,Szczytno,NA,NA,Powiat,County,2817,NA
POL.14.21_1,POL,Poland,POL.14_1,Warmińsko-Mazurskie,NA,Węgorzewo,NA,NA,Powiat,County,2819,NA
POL.15.1_1,POL,Poland,POL.15_1,Wielkopolskie,NA,Chodzież,NA,NA,Powiat,County,3001,NA
POL.15.2_1,POL,Poland,POL.15_1,Wielkopolskie,NA,Czarnków-Trzcianka,NA,NA,Powiat,County,3002,NA
POL.15.3_1,POL,Poland,POL.15_1,Wielkopolskie,NA,Gniezno,NA,NA,Powiat,County,3003,NA
POL.15.4_1,POL,Poland,POL.15_1,Wielkopolskie,NA,Gostyń,NA,NA,Powiat,County,3004,NA
POL.15.5_1,POL,Poland,POL.15_1,Wielkopolskie,NA,GrodziskWielkopolski,NA,NA,Powiat,County,3005,NA
POL.15.6_1,POL,Poland,POL.15_1,Wielkopolskie,NA,Jarocin,NA,NA,Powiat,County,3006,NA
POL.15.8_1,POL,Poland,POL.15_1,Wielkopolskie,NA,Kalisz,NA,NA,Powiat,County,3007,NA
POL.15.7_1,POL,Poland,POL.15_1,Wielkopolskie,NA,Kalisz(City),NA,NA,Miastonaprawachpowiatu,Citywithpowiatrights,3061,NA
POL.15.9_1,POL,Poland,POL.15_1,Wielkopolskie,NA,Kępno,NA,NA,Powiat,County,3008,NA
POL.15.10_1,POL,Poland,POL.15_1,Wielkopolskie,NA,Koło,NA,NA,Powiat,County,3009,NA
POL.15.12_1,POL,Poland,POL.15_1,Wielkopolskie,NA,Konin,NA,NA,Powiat,County,3010,NA
POL.15.11_1,POL,Poland,POL.15_1,Wielkopolskie,NA,Konin(City),NA,NA,Miastonaprawachpowiatu,Citywithpowiatrights,3062,NA
POL.15.13_1,POL,Poland,POL.15_1,Wielkopolskie,NA,Kościan,NA,NA,Powiat,County,3011,NA
POL.15.14_1,POL,Poland,POL.15_1,Wielkopolskie,NA,Krotoszyn,NA,NA,Powiat,County,3012,NA
POL.15.16_1,POL,Poland,POL.15_1,Wielkopolskie,NA,Leszno,NA,NA,Powiat,County,3013,NA
POL.15.15_1,POL,Poland,POL.15_1,Wielkopolskie,NA,Leszno(City),NA,NA,Miastonaprawachpowiatu,Citywithpowiatrights,3063,NA
POL.15.17_1,POL,Poland,POL.15_1,Wielkopolskie,NA,Międzychód,NA,NA,Powiat,County,3014,NA
POL.15.18_1,POL,Poland,POL.15_1,Wielkopolskie,NA,NowyTomyśl,NA,NA,Powiat,County,3015,NA
POL.15.19_1,POL,Poland,POL.15_1,Wielkopolskie,NA,Oborniki,NA,NA,Powiat,County,3016,NA
POL.15.20_1,POL,Poland,POL.15_1,Wielkopolskie,NA,OstrówWielkopolski,NA,NA,Powiat,County,3017,NA
POL.15.21_1,POL,Poland,POL.15_1,Wielkopolskie,NA,Ostrzeszów,NA,NA,Powiat,County,3018,NA
POL.15.22_1,POL,Poland,POL.15_1,Wielkopolskie,NA,Piła,NA,NA,Powiat,County,3019,NA
POL.15.23_1,POL,Poland,POL.15_1,Wielkopolskie,NA,Pleszew,NA,NA,Powiat,County,3020,NA
POL.15.25_1,POL,Poland,POL.15_1,Wielkopolskie,NA,Poznań,NA,NA,Powiat,County,3021,NA
POL.15.24_1,POL,Poland,POL.15_1,Wielkopolskie,NA,Poznań(City),NA,NA,Miastonaprawachpowiatu,Citywithpowiatrights,3064,NA
POL.15.26_1,POL,Poland,POL.15_1,Wielkopolskie,NA,Rawicz,NA,NA,Powiat,County,3022,NA
POL.15.27_1,POL,Poland,POL.15_1,Wielkopolskie,NA,Słupca,NA,NA,Powiat,County,3023,NA
POL.15.28_1,POL,Poland,POL.15_1,Wielkopolskie,NA,Śrem,NA,NA,Powiat,County,3026,NA
POL.15.29_1,POL,Poland,POL.15_1,Wielkopolskie,NA,ŚrodaWielkopolska,NA,NA,Powiat,County,3025,NA
POL.15.30_1,POL,Poland,POL.15_1,Wielkopolskie,NA,Szamotuły,NA,NA,Powiat,County,3024,NA
POL.15.31_1,POL,Poland,POL.15_1,Wielkopolskie,NA,Turek,NA,NA,Powiat,County,3027,NA
POL.15.32_1,POL,Poland,POL.15_1,Wielkopolskie,NA,Wągrowiec,NA,NA,Powiat,County,3028,NA
POL.15.33_1,POL,Poland,POL.15_1,Wielkopolskie,NA,Wolsztyn,NA,NA,Powiat,County,3029,NA
POL.15.34_1,POL,Poland,POL.15_1,Wielkopolskie,NA,Września,NA,NA,Powiat,County,3030,NA
POL.15.35_1,POL,Poland,POL.15_1,Wielkopolskie,NA,Złotów,NA,NA,Powiat,County,3031,NA
POL.16.1_1,POL,Poland,POL.16_1,Zachodniopomorskie,NA,Białogard,NA,NA,Powiat,County,3201,NA
POL.16.2_1,POL,Poland,POL.16_1,Zachodniopomorskie,NA,Choszczno,NA,NA,Powiat,County,3202,NA
POL.16.3_1,POL,Poland,POL.16_1,Zachodniopomorskie,NA,Drawsko,NA,NA,Powiat,County,3203,NA
POL.16.4_1,POL,Poland,POL.16_1,Zachodniopomorskie,NA,Goleniów,NA,NA,Powiat,County,3204,NA
POL.16.5_1,POL,Poland,POL.16_1,Zachodniopomorskie,NA,Gryfice,NA,NA,Powiat,County,3205,NA
POL.16.6_1,POL,Poland,POL.16_1,Zachodniopomorskie,NA,Gryfino,NA,NA,Powiat,County,3206,NA
POL.16.7_1,POL,Poland,POL.16_1,Zachodniopomorskie,NA,Kamień,NA,NA,Powiat,County,3207,NA
POL.16.8_1,POL,Poland,POL.16_1,Zachodniopomorskie,NA,Kołobrzeg,NA,NA,Powiat,County,3208,NA
POL.16.10_1,POL,Poland,POL.16_1,Zachodniopomorskie,NA,Koszalin,NA,NA,Powiat,County,3209,NA
POL.16.9_1,POL,Poland,POL.16_1,Zachodniopomorskie,NA,Koszalin(City),NA,NA,Miastonaprawachpowiatu,Citywithpowiatrights,3261,NA
POL.16.11_1,POL,Poland,POL.16_1,Zachodniopomorskie,NA,Łobez,NA,NA,Powiat,County,3218,NA
POL.16.12_1,POL,Poland,POL.16_1,Zachodniopomorskie,NA,Myślibórz,NA,NA,Powiat,County,3210,NA
POL.16.13_1,POL,Poland,POL.16_1,Zachodniopomorskie,NA,Police,NA,NA,Powiat,County,3211,NA
POL.16.14_1,POL,Poland,POL.16_1,Zachodniopomorskie,NA,Pyrzyce,NA,NA,Powiat,County,3212,NA
POL.16.15_1,POL,Poland,POL.16_1,Zachodniopomorskie,NA,Sławno,NA,NA,Powiat,County,3213,NA
POL.16.16_1,POL,Poland,POL.16_1,Zachodniopomorskie,NA,Stargard,NA,NA,Powiat,County,3214,NA
POL.16.17_1,POL,Poland,POL.16_1,Zachodniopomorskie,NA,Świdwin,NA,NA,Powiat,County,3216,NA
POL.16.18_1,POL,Poland,POL.16_1,Zachodniopomorskie,NA,Świnoujście,NA,NA,Miastonaprawachpowiatu,Citywithpowiatrights,3263,NA
POL.16.20_1,POL,Poland,POL.16_1,Zachodniopomorskie,NA,Szczecin,NA,NA,Miastonaprawachpowiatu,Citywithpowiatrights,3262,NA
POL.16.19_1,POL,Poland,POL.16_1,Zachodniopomorskie,NA,Szczecinek,NA,NA,Powiat,County,3215,NA
POL.16.21_1,POL,Poland,POL.16_1,Zachodniopomorskie,NA,Wałcz,NA,NA,Powiat,County,3217,NA
POL.16.22_1,POL,Poland,POL.16_1,Zachodniopomorskie,NA,ZalewSzczeciński,SzczecinLagoon,NA,WaterBody,WaterBody,NA,NA
